source,split,images,person,helmet,no_helmet,vest,no_vest,harness,machinery,vehicle,pseudo_boxes
apd,train,2005,0,4472,152,663,3719,0,0,0,3402
body_harness,train,139,100,0,0,0,0,144,0,0,211
construction_ppe,train,1187,1909,1465,428,1350,0,0,0,0,0
construction_safety_v2,train,1006,2382,2170,110,0,0,0,0,0,1318
construction_site_safety,train,615,1029,511,357,380,515,0,443,244,0
work_at_height,train,1776,3038,3022,0,0,0,2475,319,0,939
apd,val,223,0,492,14,82,391,0,0,0,371
body_harness,val,15,9,0,0,0,0,12,0,0,22
construction_ppe,val,132,242,172,57,170,0,0,0,0,0
construction_safety_v2,val,112,224,192,10,0,0,0,0,0,125
construction_site_safety,val,68,79,38,34,23,49,0,46,33,0
work_at_height,val,197,360,354,0,0,0,273,32,0,105
