name,title,tier,enabled,licence,homepage,citation
construction_site_safety,"Construction Site Safety (Roboflow Universe, version 30)",A,True,CC BY 4.0,https://universe.roboflow.com/roboflow-universe-projects/construction-site-safety,"Construction Site Safety dataset (version 30), Roboflow Universe Projects, https://universe.roboflow.com/roboflow-universe-projects/construction-site-safety"
construction_ppe,Ultralytics Construction-PPE,A,True,AGPL-3.0,https://docs.ultralytics.com/datasets/detect/construction-ppe,"Ultralytics Construction-PPE dataset, https://docs.ultralytics.com/datasets/detect/construction-ppe"
harness_vgg2coco,"harness (vgg2coco, Roboflow Universe)",unused,False,CC BY 4.0,https://universe.roboflow.com/vgg2coco/harness-dyxml,"harness dataset by vgg2coco, Roboflow Universe, https://universe.roboflow.com/vgg2coco/harness-dyxml"
body_harness,"body_harness (Construction Images, Roboflow Universe)",A,True,CC BY 4.0,https://universe.roboflow.com/construction-images/body_harness,"body_harness dataset by Construction Images, Roboflow Universe, https://universe.roboflow.com/construction-images/body_harness"
work_at_height,"Work at Height Safety (Proyecto Prevencion Predictiva, Roboflow Universe, version 1)",A,True,CC BY 4.0,https://universe.roboflow.com/proyecto-prevencion-predictiva/work-at-height-safety,"Work at Height Safety dataset (version 1) by Proyecto Prevencion Predictiva, Roboflow Universe, https://universe.roboflow.com/proyecto-prevencion-predictiva/work-at-height-safety"
construction_workers_fyp,"3 Construction Workers (FYP, Roboflow Universe)",B,False,CC BY 4.0,https://universe.roboflow.com/fyp-h6hxz/3-construction-workers,"3 Construction Workers dataset by FYP, Roboflow Universe, https://universe.roboflow.com/fyp-h6hxz/3-construction-workers"
apd,APD — helmet and vest detection on construction workers (private Roboflow project),B,True,"Private (Roboflow workspace fathorazi-nur-fajri/apd-8wyrt, shared with the team) — internal training only, not redistributed",,"APD dataset v1 (Roboflow private project fathorazi-nur-fajri/apd-8wyrt), shared with the project team; used for internal training only."
construction_safety_v2,"construction safety v2 (yun-pl2q1, Roboflow Universe)",B,True,CC BY 4.0,https://universe.roboflow.com/yun-pl2q1/construction-safety-ejqd8,"construction safety dataset v2 by yun-pl2q1, Roboflow Universe, https://universe.roboflow.com/yun-pl2q1/construction-safety-ejqd8"
shel5k,SHEL5K — Safety Helmet detection with Extended Labels,B,True,CC BY 4.0,https://data.mendeley.com/datasets/9rcv8mm682/4,"Otgonbold, M.-E. et al. SHEL5K: An Extended Dataset and Benchmarking for Safety Helmet Detection. Sensors 2022, 22(6), 2315."
chv,CHV — Color Helmet and Vest,B,True,Not stated (cite the paper as the authors request),https://github.com/ZijianWang-ZW/PPE_detection,"Wang, Z.; Wu, Y.; Yang, L.; Thirunavukarasu, A.; Evison, C.; Zhao, Y. Fast Personal Protective Equipment Detection for Real Construction Sites Using Deep Learning Approaches. Sensors 2021, 21, 3478."
acid,ACID — Alberta Construction Image Dataset,B,False,CC BY-NC 4.0 (non-commercial only),https://profsckang.wixsite.com/uofa-rlab/copy-of-r-lab-design,"Xiao, B.; Kang, S.-C. Development of an Image Data Set of Construction Machines for Deep Learning Object Detection. Journal of Computing in Civil Engineering 2021, 35(2)."
telecom_tower,Telecom Tower Object Detection (Roboflow Universe),optional,False,See the dataset page,https://universe.roboflow.com/object-detection-yolo-c8gsd/telecom-tower-object-detection,"Telecom Tower Object Detection dataset, Roboflow Universe, https://universe.roboflow.com/object-detection-yolo-c8gsd/telecom-tower-object-detection"
telecom_eval,TelecomEval — real telecom construction test set (self-built),eval,True,"Recorded per image (CC0 / public domain / CC BY / CC BY-SA), see licence_manifest.csv",,Per-image attribution in licence_manifest.csv
shwd,SHWD — Safety Helmet Wearing Dataset,unused,False,MIT,https://github.com/njvisionpower/Safety-Helmet-Wearing-Dataset,
soda,SODA — Site Object Detection dAtaset,unused,False,Research use only,https://arxiv.org/abs/2202.09554,
mocs,MOCS — Moving Objects in Construction Sites,unused,False,Not stated (research use),https://www.sciencedirect.com/science/article/abs/pii/S0926580520310621,
css_kaggle_v28,Construction Site Safety Image Dataset (Kaggle mirror = Roboflow version 28),unused,False,CC BY 4.0,https://www.kaggle.com/datasets/snehilsanyal/construction-site-safety-image-dataset-roboflow,
sh17,SH17 — Human safety and PPE detection,unused,False,CC BY-NC-SA 4.0,https://github.com/ahmadmughees/SH17dataset,
